{
	"credit": "Made with Blockbench",
	"texture_size": [64, 64],
	"textures": {
		"0": "block/sun_texture",
		"particle": "block/sun_texture"
	},
	"elements": [
		{
			"from": [-0.75, -1, 15],
			"to": [17.25, 1, 17],
			"faces": {
				"north": {"uv": [3.5, 0, 8, 0.5], "texture": "#0"},
				"east": {"uv": [2.5, 7, 3, 7.5], "texture": "#0"},
				"south": {"uv": [3.5, 0.5, 8, 1], "texture": "#0"},
				"west": {"uv": [3, 7, 3.5, 7.5], "texture": "#0"},
				"up": {"uv": [8, 1.5, 3.5, 1], "texture": "#0"},
				"down": {"uv": [8, 1.5, 3.5, 2], "texture": "#0"}
			}
		},
		{
			"from": [-1, -1, 1],
			"to": [1, 1, 15],
			"faces": {
				"north": {"uv": [7, 4, 7.5, 4.5], "texture": "#0"},
				"east": {"uv": [3.5, 4, 7, 4.5], "texture": "#0"},
				"south": {"uv": [7, 4.5, 7.5, 5], "texture": "#0"},
				"west": {"uv": [3.5, 4.5, 7, 5], "texture": "#0"},
				"up": {"uv": [4, 8.5, 3.5, 5], "texture": "#0"},
				"down": {"uv": [4.5, 5, 4, 8.5], "texture": "#0"}
			}
		},
		{
			"from": [-0.75, -1, -1],
			"to": [17.25, 1, 1],
			"faces": {
				"north": {"uv": [3.5, 2, 8, 2.5], "texture": "#0"},
				"east": {"uv": [2.5, 7.5, 3, 8], "texture": "#0"},
				"south": {"uv": [3.5, 2.5, 8, 3], "texture": "#0"},
				"west": {"uv": [3, 7.5, 3.5, 8], "texture": "#0"},
				"up": {"uv": [8, 3.5, 3.5, 3], "texture": "#0"},
				"down": {"uv": [8, 3.5, 3.5, 4], "texture": "#0"}
			}
		},
		{
			"from": [15, -1, 1],
			"to": [17, 1, 15],
			"faces": {
				"north": {"uv": [7.5, 4, 8, 4.5], "texture": "#0"},
				"east": {"uv": [4.5, 5, 8, 5.5], "texture": "#0"},
				"south": {"uv": [7.5, 4.5, 8, 5], "texture": "#0"},
				"west": {"uv": [4.5, 5.5, 8, 6], "texture": "#0"},
				"up": {"uv": [5, 9.5, 4.5, 6], "texture": "#0"},
				"down": {"uv": [5.5, 6, 5, 9.5], "texture": "#0"}
			}
		},
		{
			"from": [1, 0, 1],
			"to": [15, 0, 15],
			"faces": {
				"north": {"uv": [0, 0, 3.5, 0], "texture": "#0"},
				"east": {"uv": [0, 0, 3.5, 0], "texture": "#0"},
				"south": {"uv": [0, 0, 3.5, 0], "texture": "#0"},
				"west": {"uv": [0, 0, 3.5, 0], "texture": "#0"},
				"up": {"uv": [3.5, 3.5, 0, 0], "texture": "#0"},
				"down": {"uv": [3.5, 3.5, 0, 7], "texture": "#0"}
			}
		},
		{
			"from": [4, 6, 4],
			"to": [12, 14, 12],
			"faces": {
				"north": {"uv": [5.5, 6, 6.75, 7.25], "texture": "#0"},
				"east": {"uv": [6.75, 6, 8, 7.25], "texture": "#0"},
				"south": {"uv": [0, 7, 1.25, 8.25], "texture": "#0"},
				"west": {"uv": [1.25, 7, 2.5, 8.25], "texture": "#0"},
				"up": {"uv": [6.75, 8.5, 5.5, 7.25], "texture": "#0"},
				"down": {"uv": [8, 7.25, 6.75, 8.5], "texture": "#0"}
			}
		}
	],
	"display": {},
	"groups": [
		{
			"name": "group",
			"origin": [0, 0, 0],
			"color": 0,
			"children": [0, 1, 2, 3]
		},
		4,
		5
	]
}