{
	"credit": "Made with Blockbench",
	"textures": {
		"0": "stone",
		"particle": "stone"
	},
	"elements": [
		{
			"from": [2, 0, 2],
			"to": [6, 1, 6],
			"faces": {
				"north": {"uv": [0, 1, 4, 2], "texture": "#0"},
				"east": {"uv": [0, 1, 4, 2], "texture": "#0"},
				"south": {"uv": [0, 1, 4, 2], "texture": "#0"},
				"west": {"uv": [0, 1, 4, 2], "texture": "#0"},
				"up": {"uv": [0, 0, 4, 4], "texture": "#0"},
				"down": {"uv": [0, 0, 4, 4], "texture": "#0"}
			}
		},
		{
			"from": [6, 0, 10],
			"to": [10, 1, 14],
			"faces": {
				"north": {"uv": [1, 1, 5, 2], "texture": "#0"},
				"east": {"uv": [1, 4, 5, 5], "texture": "#0"},
				"south": {"uv": [1, 3, 5, 4], "texture": "#0"},
				"west": {"uv": [1, 2, 5, 3], "texture": "#0"},
				"up": {"uv": [5, 1, 9, 5], "texture": "#0"},
				"down": {"uv": [9, 1, 13, 5], "texture": "#0"}
			}
		},
		{
			"from": [10, 0, 4],
			"to": [13, 1, 7],
			"faces": {
				"north": {"uv": [6, 5, 9, 6], "texture": "#0"},
				"east": {"uv": [6, 8, 9, 9], "texture": "#0"},
				"south": {"uv": [6, 7, 9, 8], "texture": "#0"},
				"west": {"uv": [6, 6, 9, 7], "texture": "#0"},
				"up": {"uv": [9, 8, 12, 11], "texture": "#0"},
				"down": {"uv": [9, 5, 12, 8], "texture": "#0"}
			}
		}
	],
	"display": {
		"gui": {
			"rotation": [-90, 0, 0],
			"translation": [0, 0, -7]
		}
	}
}