{
	"credit": "Made with Blockbench",
	"texture_size": [64, 64],
	"textures": {
		"0": "item/custom/headstone_vanguard",
		"particle": "item/custom/headstone_vanguard"
	},
	"elements": [
		{
			"from": [-6, 4, 28],
			"to": [9, 23, 29],
			"faces": {
				"north": {"uv": [0, 5, 3.75, 9.75], "texture": "#0"},
				"east": {"uv": [7.5, 8.75, 7.75, 13.5], "texture": "#0"},
				"south": {"uv": [3.75, 5, 7.5, 9.75], "texture": "#0"},
				"west": {"uv": [7.75, 8.75, 8, 13.5], "texture": "#0"},
				"up": {"uv": [12.75, 2, 9, 1.75], "texture": "#0"},
				"down": {"uv": [12.75, 2, 9, 2.25], "texture": "#0"}
			}
		},
		{
			"from": [-7, 4, 27],
			"to": [10, 24, 28],
			"faces": {
				"north": {"uv": [0, 0, 4.25, 5], "texture": "#0"},
				"east": {"uv": [8.75, 1.25, 9, 6.25], "texture": "#0"},
				"south": {"uv": [4.25, 0, 8.5, 5], "texture": "#0"},
				"west": {"uv": [8.75, 6.25, 9, 11.25], "texture": "#0"},
				"up": {"uv": [13.25, 1.5, 9, 1.25], "texture": "#0"},
				"down": {"uv": [13.25, 1.5, 9, 1.75], "texture": "#0"}
			}
		},
		{
			"from": [8, 24, 27],
			"to": [9, 25, 28],
			"faces": {
				"north": {"uv": [4, 10.25, 4.25, 10.5], "texture": "#0"},
				"east": {"uv": [4.25, 10.25, 4.5, 10.5], "texture": "#0"},
				"south": {"uv": [10.25, 5.25, 10.5, 5.5], "texture": "#0"},
				"west": {"uv": [10.25, 5.5, 10.5, 5.75], "texture": "#0"},
				"up": {"uv": [10.5, 6, 10.25, 5.75], "texture": "#0"},
				"down": {"uv": [10.5, 6, 10.25, 6.25], "texture": "#0"}
			}
		},
		{
			"from": [7, 24, 27],
			"to": [8, 26, 28],
			"faces": {
				"north": {"uv": [8, 9.75, 8.25, 10.25], "texture": "#0"},
				"east": {"uv": [8.25, 9.75, 8.5, 10.25], "texture": "#0"},
				"south": {"uv": [9.75, 8.25, 10, 8.75], "texture": "#0"},
				"west": {"uv": [9.75, 9.5, 10, 10], "texture": "#0"},
				"up": {"uv": [10.5, 0.25, 10.25, 0], "texture": "#0"},
				"down": {"uv": [10.5, 0.25, 10.25, 0.5], "texture": "#0"}
			}
		},
		{
			"from": [6, 24, 27],
			"to": [7, 27, 28],
			"faces": {
				"north": {"uv": [2.5, 9.75, 2.75, 10.5], "texture": "#0"},
				"east": {"uv": [2.75, 9.75, 3, 10.5], "texture": "#0"},
				"south": {"uv": [3, 9.75, 3.25, 10.5], "texture": "#0"},
				"west": {"uv": [9.75, 3, 10, 3.75], "texture": "#0"},
				"up": {"uv": [10.25, 9.75, 10, 9.5], "texture": "#0"},
				"down": {"uv": [10, 10, 9.75, 10.25], "texture": "#0"}
			}
		},
		{
			"from": [4, 24, 27],
			"to": [6, 28, 28],
			"faces": {
				"north": {"uv": [9, 3.25, 9.5, 4.25], "texture": "#0"},
				"east": {"uv": [9.5, 5, 9.75, 6], "texture": "#0"},
				"south": {"uv": [9, 4.25, 9.5, 5.25], "texture": "#0"},
				"west": {"uv": [9.5, 6, 9.75, 7], "texture": "#0"},
				"up": {"uv": [10.25, 6.75, 9.75, 6.5], "texture": "#0"},
				"down": {"uv": [7.25, 9.75, 6.75, 10], "texture": "#0"}
			}
		},
		{
			"from": [-1, 24, 27],
			"to": [4, 29, 28],
			"faces": {
				"north": {"uv": [7.5, 5, 8.75, 6.25], "texture": "#0"},
				"east": {"uv": [8.5, 1.25, 8.75, 2.5], "texture": "#0"},
				"south": {"uv": [7.5, 6.25, 8.75, 7.5], "texture": "#0"},
				"west": {"uv": [8.5, 2.5, 8.75, 3.75], "texture": "#0"},
				"up": {"uv": [10.25, 9.5, 9, 9.25], "texture": "#0"},
				"down": {"uv": [10.75, 2.25, 9.5, 2.5], "texture": "#0"}
			}
		},
		{
			"from": [-3, 24, 27],
			"to": [-1, 28, 28],
			"faces": {
				"north": {"uv": [8, 8.75, 8.5, 9.75], "texture": "#0"},
				"east": {"uv": [9.5, 3, 9.75, 4], "texture": "#0"},
				"south": {"uv": [9, 2.25, 9.5, 3.25], "texture": "#0"},
				"west": {"uv": [9.5, 4, 9.75, 5], "texture": "#0"},
				"up": {"uv": [6.75, 10, 6.25, 9.75], "texture": "#0"},
				"down": {"uv": [10.25, 6.25, 9.75, 6.5], "texture": "#0"}
			}
		},
		{
			"from": [-4, 24, 27],
			"to": [-3, 27, 28],
			"faces": {
				"north": {"uv": [1.5, 9.75, 1.75, 10.5], "texture": "#0"},
				"east": {"uv": [1.75, 9.75, 2, 10.5], "texture": "#0"},
				"south": {"uv": [2, 9.75, 2.25, 10.5], "texture": "#0"},
				"west": {"uv": [2.25, 9.75, 2.5, 10.5], "texture": "#0"},
				"up": {"uv": [8.75, 10.25, 8.5, 10], "texture": "#0"},
				"down": {"uv": [10.25, 8.5, 10, 8.75], "texture": "#0"}
			}
		},
		{
			"from": [-6, 24, 27],
			"to": [-5, 25, 28],
			"faces": {
				"north": {"uv": [10.25, 0.5, 10.5, 0.75], "texture": "#0"},
				"east": {"uv": [10.25, 0.75, 10.5, 1], "texture": "#0"},
				"south": {"uv": [10.25, 3, 10.5, 3.25], "texture": "#0"},
				"west": {"uv": [10.25, 3.25, 10.5, 3.5], "texture": "#0"},
				"up": {"uv": [3.75, 10.5, 3.5, 10.25], "texture": "#0"},
				"down": {"uv": [4, 10.25, 3.75, 10.5], "texture": "#0"}
			}
		},
		{
			"from": [-5, 24, 27],
			"to": [-4, 26, 28],
			"faces": {
				"north": {"uv": [4.5, 10, 4.75, 10.5], "texture": "#0"},
				"east": {"uv": [10, 5.25, 10.25, 5.75], "texture": "#0"},
				"south": {"uv": [10, 5.75, 10.25, 6.25], "texture": "#0"},
				"west": {"uv": [6.25, 10, 6.5, 10.5], "texture": "#0"},
				"up": {"uv": [10.75, 5.75, 10.5, 5.5], "texture": "#0"},
				"down": {"uv": [6, 10.5, 5.75, 10.75], "texture": "#0"}
			}
		},
		{
			"from": [8, 23, 28],
			"to": [9, 24, 29],
			"faces": {
				"north": {"uv": [10.5, 7, 10.75, 7.25], "texture": "#0"},
				"east": {"uv": [7.25, 10.5, 7.5, 10.75], "texture": "#0"},
				"south": {"uv": [10.5, 7.25, 10.75, 7.5], "texture": "#0"},
				"west": {"uv": [10.5, 7.5, 10.75, 7.75], "texture": "#0"},
				"up": {"uv": [10.75, 8, 10.5, 7.75], "texture": "#0"},
				"down": {"uv": [8.25, 10.5, 8, 10.75], "texture": "#0"}
			}
		},
		{
			"from": [7, 23, 28],
			"to": [8, 25, 29],
			"faces": {
				"north": {"uv": [7, 10, 7.25, 10.5], "texture": "#0"},
				"east": {"uv": [10, 7, 10.25, 7.5], "texture": "#0"},
				"south": {"uv": [10, 7.5, 10.25, 8], "texture": "#0"},
				"west": {"uv": [10, 8, 10.25, 8.5], "texture": "#0"},
				"up": {"uv": [10.75, 7, 10.5, 6.75], "texture": "#0"},
				"down": {"uv": [7.25, 10.5, 7, 10.75], "texture": "#0"}
			}
		},
		{
			"from": [6, 23, 28],
			"to": [7, 26, 29],
			"faces": {
				"north": {"uv": [5.5, 9.75, 5.75, 10.5], "texture": "#0"},
				"east": {"uv": [9.75, 5.5, 10, 6.25], "texture": "#0"},
				"south": {"uv": [5.75, 9.75, 6, 10.5], "texture": "#0"},
				"west": {"uv": [6, 9.75, 6.25, 10.5], "texture": "#0"},
				"up": {"uv": [10.75, 6.75, 10.5, 6.5], "texture": "#0"},
				"down": {"uv": [7, 10.5, 6.75, 10.75], "texture": "#0"}
			}
		},
		{
			"from": [4, 23, 28],
			"to": [6, 27, 29],
			"faces": {
				"north": {"uv": [9, 7.25, 9.5, 8.25], "texture": "#0"},
				"east": {"uv": [1, 9.75, 1.25, 10.75], "texture": "#0"},
				"south": {"uv": [9, 8.25, 9.5, 9.25], "texture": "#0"},
				"west": {"uv": [1.25, 9.75, 1.5, 10.75], "texture": "#0"},
				"up": {"uv": [7, 10.25, 6.5, 10], "texture": "#0"},
				"down": {"uv": [10.5, 6.75, 10, 7], "texture": "#0"}
			}
		},
		{
			"from": [-1, 23, 28],
			"to": [4, 28, 29],
			"faces": {
				"north": {"uv": [7.5, 7.5, 8.75, 8.75], "texture": "#0"},
				"east": {"uv": [8.5, 3.75, 8.75, 5], "texture": "#0"},
				"south": {"uv": [8.5, 0, 9.75, 1.25], "texture": "#0"},
				"west": {"uv": [8.5, 8.75, 8.75, 10], "texture": "#0"},
				"up": {"uv": [10.75, 2.75, 9.5, 2.5], "texture": "#0"},
				"down": {"uv": [10.75, 2.75, 9.5, 3], "texture": "#0"}
			}
		},
		{
			"from": [-3, 23, 28],
			"to": [-1, 27, 29],
			"faces": {
				"north": {"uv": [9, 5.25, 9.5, 6.25], "texture": "#0"},
				"east": {"uv": [0.5, 9.75, 0.75, 10.75], "texture": "#0"},
				"south": {"uv": [9, 6.25, 9.5, 7.25], "texture": "#0"},
				"west": {"uv": [0.75, 9.75, 1, 10.75], "texture": "#0"},
				"up": {"uv": [10.5, 5, 10, 4.75], "texture": "#0"},
				"down": {"uv": [10.5, 5, 10, 5.25], "texture": "#0"}
			}
		},
		{
			"from": [-4, 23, 28],
			"to": [-3, 26, 29],
			"faces": {
				"north": {"uv": [4.75, 9.75, 5, 10.5], "texture": "#0"},
				"east": {"uv": [9.75, 4.75, 10, 5.5], "texture": "#0"},
				"south": {"uv": [5, 9.75, 5.25, 10.5], "texture": "#0"},
				"west": {"uv": [5.25, 9.75, 5.5, 10.5], "texture": "#0"},
				"up": {"uv": [10.75, 5.5, 10.5, 5.25], "texture": "#0"},
				"down": {"uv": [5.75, 10.5, 5.5, 10.75], "texture": "#0"}
			}
		},
		{
			"from": [-6, 23, 28],
			"to": [-5, 24, 29],
			"faces": {
				"north": {"uv": [10.5, 5.75, 10.75, 6], "texture": "#0"},
				"east": {"uv": [6, 10.5, 6.25, 10.75], "texture": "#0"},
				"south": {"uv": [10.5, 6, 10.75, 6.25], "texture": "#0"},
				"west": {"uv": [6.25, 10.5, 6.5, 10.75], "texture": "#0"},
				"up": {"uv": [10.75, 6.5, 10.5, 6.25], "texture": "#0"},
				"down": {"uv": [6.75, 10.5, 6.5, 10.75], "texture": "#0"}
			}
		},
		{
			"from": [-5, 23, 28],
			"to": [-4, 25, 29],
			"faces": {
				"north": {"uv": [9.75, 6.75, 10, 7.25], "texture": "#0"},
				"east": {"uv": [7.25, 9.75, 7.5, 10.25], "texture": "#0"},
				"south": {"uv": [9.75, 7.25, 10, 7.75], "texture": "#0"},
				"west": {"uv": [9.75, 7.75, 10, 8.25], "texture": "#0"},
				"up": {"uv": [10.25, 10, 10, 9.75], "texture": "#0"},
				"down": {"uv": [10.25, 10, 10, 10.25], "texture": "#0"}
			}
		},
		{
			"from": [6, 17, 26.8],
			"to": [7, 21, 27],
			"faces": {
				"north": {"uv": [9.5, 9.5, 9.75, 10.5], "texture": "#0"},
				"east": {"uv": [0, 9.75, 0.25, 10.75], "texture": "#0"},
				"south": {"uv": [9.75, 0, 10, 1], "texture": "#0"},
				"west": {"uv": [0.25, 9.75, 0.5, 10.75], "texture": "#0"},
				"up": {"uv": [2.5, 10.75, 2.25, 10.5], "texture": "#0"},
				"down": {"uv": [2.75, 10.5, 2.5, 10.75], "texture": "#0"}
			}
		},
		{
			"from": [4, 17, 26.8],
			"to": [5, 18, 27],
			"faces": {
				"north": {"uv": [10.25, 9.75, 10.5, 10], "texture": "#0"},
				"east": {"uv": [10, 10.25, 10.25, 10.5], "texture": "#0"},
				"south": {"uv": [10.25, 10, 10.5, 10.25], "texture": "#0"},
				"west": {"uv": [10.25, 10.25, 10.5, 10.5], "texture": "#0"},
				"up": {"uv": [10.75, 0.25, 10.5, 0], "texture": "#0"},
				"down": {"uv": [10.75, 0.25, 10.5, 0.5], "texture": "#0"}
			}
		},
		{
			"from": [5, 18, 26.8],
			"to": [6, 19, 27],
			"faces": {
				"north": {"uv": [10.25, 7.75, 10.5, 8], "texture": "#0"},
				"east": {"uv": [8, 10.25, 8.25, 10.5], "texture": "#0"},
				"south": {"uv": [10.25, 8, 10.5, 8.25], "texture": "#0"},
				"west": {"uv": [8.25, 10.25, 8.5, 10.5], "texture": "#0"},
				"up": {"uv": [10.5, 8.5, 10.25, 8.25], "texture": "#0"},
				"down": {"uv": [8.75, 10.25, 8.5, 10.5], "texture": "#0"}
			}
		},
		{
			"from": [4, 19, 26.8],
			"to": [5, 20, 27],
			"faces": {
				"north": {"uv": [10.25, 8.5, 10.5, 8.75], "texture": "#0"},
				"east": {"uv": [10.25, 8.75, 10.5, 9], "texture": "#0"},
				"south": {"uv": [10.25, 9, 10.5, 9.25], "texture": "#0"},
				"west": {"uv": [10.25, 9.25, 10.5, 9.5], "texture": "#0"},
				"up": {"uv": [10.5, 9.75, 10.25, 9.5], "texture": "#0"},
				"down": {"uv": [10, 10.25, 9.75, 10.5], "texture": "#0"}
			}
		},
		{
			"from": [0, 20, 26.8],
			"to": [3, 21, 27],
			"faces": {
				"north": {"uv": [9.5, 9, 10.25, 9.25], "texture": "#0"},
				"east": {"uv": [10.5, 1, 10.75, 1.25], "texture": "#0"},
				"south": {"uv": [9.75, 1, 10.5, 1.25], "texture": "#0"},
				"west": {"uv": [1.5, 10.5, 1.75, 10.75], "texture": "#0"},
				"up": {"uv": [4, 10, 3.25, 9.75], "texture": "#0"},
				"down": {"uv": [10.5, 3.75, 9.75, 4], "texture": "#0"}
			}
		},
		{
			"from": [1, 18, 26.8],
			"to": [2, 20, 27],
			"faces": {
				"north": {"uv": [10, 0, 10.25, 0.5], "texture": "#0"},
				"east": {"uv": [10, 0.5, 10.25, 1], "texture": "#0"},
				"south": {"uv": [10, 3, 10.25, 3.5], "texture": "#0"},
				"west": {"uv": [3.25, 10, 3.5, 10.5], "texture": "#0"},
				"up": {"uv": [10.75, 0.75, 10.5, 0.5], "texture": "#0"},
				"down": {"uv": [10.75, 0.75, 10.5, 1], "texture": "#0"}
			}
		},
		{
			"from": [5, 20, 26.8],
			"to": [6, 21, 27],
			"faces": {
				"north": {"uv": [10.25, 6.5, 10.5, 6.75], "texture": "#0"},
				"east": {"uv": [6.75, 10.25, 7, 10.5], "texture": "#0"},
				"south": {"uv": [10.25, 7, 10.5, 7.25], "texture": "#0"},
				"west": {"uv": [7.25, 10.25, 7.5, 10.5], "texture": "#0"},
				"up": {"uv": [10.5, 7.5, 10.25, 7.25], "texture": "#0"},
				"down": {"uv": [10.5, 7.5, 10.25, 7.75], "texture": "#0"}
			}
		},
		{
			"from": [0, 17, 26.8],
			"to": [3, 18, 27],
			"faces": {
				"north": {"uv": [4, 9.75, 4.75, 10], "texture": "#0"},
				"east": {"uv": [1.75, 10.5, 2, 10.75], "texture": "#0"},
				"south": {"uv": [9.75, 4, 10.5, 4.25], "texture": "#0"},
				"west": {"uv": [2, 10.5, 2.25, 10.75], "texture": "#0"},
				"up": {"uv": [10.5, 4.5, 9.75, 4.25], "texture": "#0"},
				"down": {"uv": [10.5, 4.5, 9.75, 4.75], "texture": "#0"}
			}
		},
		{
			"from": [-2, 17, 26.8],
			"to": [-1, 21, 27],
			"faces": {
				"north": {"uv": [9.5, 7, 9.75, 8], "texture": "#0"},
				"east": {"uv": [9.5, 8, 9.75, 9], "texture": "#0"},
				"south": {"uv": [9, 9.5, 9.25, 10.5], "texture": "#0"},
				"west": {"uv": [9.25, 9.5, 9.5, 10.5], "texture": "#0"},
				"up": {"uv": [10.5, 6.5, 10.25, 6.25], "texture": "#0"},
				"down": {"uv": [6.75, 10.25, 6.5, 10.5], "texture": "#0"}
			}
		},
		{
			"from": [-3, 18, 26.8],
			"to": [-2, 19, 27],
			"faces": {
				"north": {"uv": [10.5, 3.75, 10.75, 4], "texture": "#0"},
				"east": {"uv": [4, 10.5, 4.25, 10.75], "texture": "#0"},
				"south": {"uv": [10.5, 4, 10.75, 4.25], "texture": "#0"},
				"west": {"uv": [4.25, 10.5, 4.5, 10.75], "texture": "#0"},
				"up": {"uv": [10.75, 4.5, 10.5, 4.25], "texture": "#0"},
				"down": {"uv": [4.75, 10.5, 4.5, 10.75], "texture": "#0"}
			}
		},
		{
			"from": [-4, 18, 26.8],
			"to": [-3, 19, 27],
			"faces": {
				"north": {"uv": [10.5, 4.5, 10.75, 4.75], "texture": "#0"},
				"east": {"uv": [4.75, 10.5, 5, 10.75], "texture": "#0"},
				"south": {"uv": [10.5, 4.75, 10.75, 5], "texture": "#0"},
				"west": {"uv": [5, 10.5, 5.25, 10.75], "texture": "#0"},
				"up": {"uv": [10.75, 5.25, 10.5, 5], "texture": "#0"},
				"down": {"uv": [5.5, 10.5, 5.25, 10.75], "texture": "#0"}
			}
		},
		{
			"from": [-4, 19, 26.8],
			"to": [-3, 20, 27],
			"faces": {
				"north": {"uv": [10.5, 3, 10.75, 3.25], "texture": "#0"},
				"east": {"uv": [3.25, 10.5, 3.5, 10.75], "texture": "#0"},
				"south": {"uv": [10.5, 3.25, 10.75, 3.5], "texture": "#0"},
				"west": {"uv": [3.5, 10.5, 3.75, 10.75], "texture": "#0"},
				"up": {"uv": [10.75, 3.75, 10.5, 3.5], "texture": "#0"},
				"down": {"uv": [4, 10.5, 3.75, 10.75], "texture": "#0"}
			}
		},
		{
			"from": [-4, 20, 26.8],
			"to": [-2, 21, 27],
			"faces": {
				"north": {"uv": [9.75, 8.75, 10.25, 9], "texture": "#0"},
				"east": {"uv": [2.75, 10.5, 3, 10.75], "texture": "#0"},
				"south": {"uv": [3.5, 10, 4, 10.25], "texture": "#0"},
				"west": {"uv": [3, 10.5, 3.25, 10.75], "texture": "#0"},
				"up": {"uv": [10.5, 3.75, 10, 3.5], "texture": "#0"},
				"down": {"uv": [4.5, 10, 4, 10.25], "texture": "#0"}
			}
		}
	],
	"groups": [
		0,
		1,
		{
			"name": "top_in_layer",
			"origin": [0, 0, 0],
			"color": 0,
			"children": [2, 3, 4, 5, 6, 7, 8, 9, 10]
		},
		{
			"name": "top_out_layer",
			"origin": [0, 0, 0],
			"color": 0,
			"children": [11, 12, 13, 14, 15, 16, 17, 18, 19]
		},
		{
			"name": "text",
			"origin": [0, 0, 0],
			"color": 0,
			"children": [20, 21, 22, 23, 24, 25, 26, 27, 28, 29, 30, 31, 32]
		}
	]
}