{
	"credit": "Made with Blockbench",
	"texture_size": [128, 128],
	"textures": {
		"0": "item/custom/headstone_marksman",
		"particle": "item/custom/headstone_marksman"
	},
	"elements": [
		{
			"from": [-7, 2, 27],
			"to": [-6, 4, 31],
			"faces": {
				"north": {"uv": [11.5, 7.75, 11.625, 8], "texture": "#0"},
				"east": {"uv": [11.25, 8.5, 11.5, 8.75], "texture": "#0"},
				"south": {"uv": [11.5, 8, 11.625, 8.25], "texture": "#0"},
				"west": {"uv": [11.25, 8.75, 11.5, 9], "texture": "#0"},
				"up": {"uv": [11.625, 8.5, 11.5, 8.25], "texture": "#0"},
				"down": {"uv": [11.625, 8.5, 11.5, 8.75], "texture": "#0"}
			}
		},
		{
			"from": [-6, 2, 27],
			"to": [-5, 6, 31],
			"faces": {
				"north": {"uv": [7.625, 11.25, 7.75, 11.75], "texture": "#0"},
				"east": {"uv": [11.25, 0, 11.5, 0.5], "texture": "#0"},
				"south": {"uv": [11.25, 8, 11.375, 8.5], "texture": "#0"},
				"west": {"uv": [0.125, 11.25, 0.375, 11.75], "texture": "#0"},
				"up": {"uv": [7.625, 11.75, 7.5, 11.5], "texture": "#0"},
				"down": {"uv": [11.625, 7.5, 11.5, 7.75], "texture": "#0"}
			}
		},
		{
			"from": [-5, 2, 27],
			"to": [-4, 16, 31],
			"faces": {
				"north": {"uv": [8.25, 3.875, 8.375, 5.625], "texture": "#0"},
				"east": {"uv": [9.625, 10.5, 9.875, 12.25], "texture": "#0"},
				"south": {"uv": [10.875, 11, 11, 12.75], "texture": "#0"},
				"west": {"uv": [9.875, 10.5, 10.125, 12.25], "texture": "#0"},
				"up": {"uv": [11.625, 7.5, 11.5, 7.25], "texture": "#0"},
				"down": {"uv": [7.5, 11.5, 7.375, 11.75], "texture": "#0"}
			}
		},
		{
			"from": [-4, 2, 27],
			"to": [-3, 23, 31],
			"faces": {
				"north": {"uv": [10.75, 0, 10.875, 2.625], "texture": "#0"},
				"east": {"uv": [10.5, 0, 10.75, 2.625], "texture": "#0"},
				"south": {"uv": [10.875, 0, 11, 2.625], "texture": "#0"},
				"west": {"uv": [10.5, 3.875, 10.75, 6.5], "texture": "#0"},
				"up": {"uv": [7.25, 11.75, 7.125, 11.5], "texture": "#0"},
				"down": {"uv": [7.375, 11.5, 7.25, 11.75], "texture": "#0"}
			}
		},
		{
			"from": [-3, 2, 27],
			"to": [-2, 25, 31],
			"faces": {
				"north": {"uv": [9.375, 10.625, 9.5, 13.5], "texture": "#0"},
				"east": {"uv": [8.25, 10.375, 8.5, 13.25], "texture": "#0"},
				"south": {"uv": [9.5, 10.625, 9.625, 13.5], "texture": "#0"},
				"west": {"uv": [8.5, 10.375, 8.75, 13.25], "texture": "#0"},
				"up": {"uv": [7, 11.75, 6.875, 11.5], "texture": "#0"},
				"down": {"uv": [7.125, 11.5, 7, 11.75], "texture": "#0"}
			}
		},
		{
			"from": [-2, 2, 27],
			"to": [-1, 26, 31],
			"faces": {
				"north": {"uv": [10.625, 9, 10.75, 12], "texture": "#0"},
				"east": {"uv": [10, 3.875, 10.25, 6.875], "texture": "#0"},
				"south": {"uv": [9.25, 10.625, 9.375, 13.625], "texture": "#0"},
				"west": {"uv": [10.125, 7.25, 10.375, 10.25], "texture": "#0"},
				"up": {"uv": [6.75, 11.75, 6.625, 11.5], "texture": "#0"},
				"down": {"uv": [6.875, 11.5, 6.75, 11.75], "texture": "#0"}
			}
		},
		{
			"from": [-1, 2, 27],
			"to": [1, 27, 31],
			"faces": {
				"north": {"uv": [9.25, 0, 9.5, 3.125], "texture": "#0"},
				"east": {"uv": [9.5, 0, 9.75, 3.125], "texture": "#0"},
				"south": {"uv": [9.5, 3.875, 9.75, 7], "texture": "#0"},
				"west": {"uv": [9.75, 0, 10, 3.125], "texture": "#0"},
				"up": {"uv": [11.5, 7.75, 11.25, 7.5], "texture": "#0"},
				"down": {"uv": [11.5, 7.75, 11.25, 8], "texture": "#0"}
			}
		},
		{
			"from": [1, 2, 27],
			"to": [4, 28, 31],
			"faces": {
				"north": {"uv": [8.375, 3.875, 8.75, 7.125], "texture": "#0"},
				"east": {"uv": [7.75, 9.375, 8, 12.625], "texture": "#0"},
				"south": {"uv": [8.375, 7.125, 8.75, 10.375], "texture": "#0"},
				"west": {"uv": [8, 9.375, 8.25, 12.625], "texture": "#0"},
				"up": {"uv": [2.75, 11.5, 2.375, 11.25], "texture": "#0"},
				"down": {"uv": [3.125, 11.25, 2.75, 11.5], "texture": "#0"}
			}
		},
		{
			"from": [4, 2, 27],
			"to": [9, 29, 31],
			"faces": {
				"north": {"uv": [7.75, 6, 8.375, 9.375], "texture": "#0"},
				"east": {"uv": [9.125, 7.25, 9.375, 10.625], "texture": "#0"},
				"south": {"uv": [8.25, 0, 8.875, 3.375], "texture": "#0"},
				"west": {"uv": [9.375, 7.25, 9.625, 10.625], "texture": "#0"},
				"up": {"uv": [11.75, 10, 11.125, 9.75], "texture": "#0"},
				"down": {"uv": [11.75, 10, 11.125, 10.25], "texture": "#0"}
			}
		},
		{
			"from": [9, 2, 27],
			"to": [12, 28, 31],
			"faces": {
				"north": {"uv": [8.75, 3.875, 9.125, 7.125], "texture": "#0"},
				"east": {"uv": [9.625, 7.25, 9.875, 10.5], "texture": "#0"},
				"south": {"uv": [8.75, 7.125, 9.125, 10.375], "texture": "#0"},
				"west": {"uv": [9.875, 7.25, 10.125, 10.5], "texture": "#0"},
				"up": {"uv": [3.5, 11.5, 3.125, 11.25], "texture": "#0"},
				"down": {"uv": [3.875, 11.25, 3.5, 11.5], "texture": "#0"}
			}
		},
		{
			"from": [12, 2, 27],
			"to": [15, 27, 31],
			"faces": {
				"north": {"uv": [8.875, 0, 9.25, 3.125], "texture": "#0"},
				"east": {"uv": [9.75, 3.875, 10, 7], "texture": "#0"},
				"south": {"uv": [9.125, 3.875, 9.5, 7], "texture": "#0"},
				"west": {"uv": [10, 0, 10.25, 3.125], "texture": "#0"},
				"up": {"uv": [4.25, 11.5, 3.875, 11.25], "texture": "#0"},
				"down": {"uv": [11.625, 3.875, 11.25, 4.125], "texture": "#0"}
			}
		},
		{
			"from": [15, 2, 27],
			"to": [17, 26, 31],
			"faces": {
				"north": {"uv": [10.25, 0, 10.5, 3], "texture": "#0"},
				"east": {"uv": [10.25, 3.875, 10.5, 6.875], "texture": "#0"},
				"south": {"uv": [10.125, 10.25, 10.375, 13.25], "texture": "#0"},
				"west": {"uv": [10.375, 7.25, 10.625, 10.25], "texture": "#0"},
				"up": {"uv": [11.5, 9.25, 11.25, 9], "texture": "#0"},
				"down": {"uv": [11.5, 9.25, 11.25, 9.5], "texture": "#0"}
			}
		},
		{
			"from": [17, 2, 27],
			"to": [18, 24, 31],
			"faces": {
				"north": {"uv": [10.75, 3.875, 10.875, 6.625], "texture": "#0"},
				"east": {"uv": [8.75, 10.375, 9, 13.125], "texture": "#0"},
				"south": {"uv": [10.75, 9, 10.875, 11.75], "texture": "#0"},
				"west": {"uv": [10.375, 10.25, 10.625, 13], "texture": "#0"},
				"up": {"uv": [11.625, 9, 11.5, 8.75], "texture": "#0"},
				"down": {"uv": [11.625, 9, 11.5, 9.25], "texture": "#0"}
			}
		},
		{
			"from": [18, 2, 27],
			"to": [19, 16, 31],
			"faces": {
				"north": {"uv": [11, 11, 11.125, 12.75], "texture": "#0"},
				"east": {"uv": [10.625, 7.25, 10.875, 9], "texture": "#0"},
				"south": {"uv": [11.125, 3.875, 11.25, 5.625], "texture": "#0"},
				"west": {"uv": [9, 10.625, 9.25, 12.375], "texture": "#0"},
				"up": {"uv": [11.625, 9.5, 11.5, 9.25], "texture": "#0"},
				"down": {"uv": [11.625, 9.5, 11.5, 9.75], "texture": "#0"}
			}
		},
		{
			"from": [19, 2, 27],
			"to": [20, 9, 31],
			"faces": {
				"north": {"uv": [0.75, 11.25, 0.875, 12.125], "texture": "#0"},
				"east": {"uv": [11, 1.75, 11.25, 2.625], "texture": "#0"},
				"south": {"uv": [0.875, 11.25, 1, 12.125], "texture": "#0"},
				"west": {"uv": [11.125, 5.625, 11.375, 6.5], "texture": "#0"},
				"up": {"uv": [11.625, 10.5, 11.5, 10.25], "texture": "#0"},
				"down": {"uv": [11.625, 10.5, 11.5, 10.75], "texture": "#0"}
			}
		},
		{
			"from": [20, 2, 27],
			"to": [21, 7, 31],
			"faces": {
				"north": {"uv": [11.25, 4.125, 11.375, 4.75], "texture": "#0"},
				"east": {"uv": [11.125, 10.25, 11.375, 10.875], "texture": "#0"},
				"south": {"uv": [4.25, 11.25, 4.375, 11.875], "texture": "#0"},
				"west": {"uv": [11.125, 10.875, 11.375, 11.5], "texture": "#0"},
				"up": {"uv": [11.625, 11, 11.5, 10.75], "texture": "#0"},
				"down": {"uv": [11.625, 11, 11.5, 11.25], "texture": "#0"}
			}
		},
		{
			"from": [21, 2, 27],
			"to": [22, 4, 31],
			"faces": {
				"north": {"uv": [11.125, 11.5, 11.25, 11.75], "texture": "#0"},
				"east": {"uv": [11.25, 9.5, 11.5, 9.75], "texture": "#0"},
				"south": {"uv": [11.25, 11.5, 11.375, 11.75], "texture": "#0"},
				"west": {"uv": [11.375, 0.5, 11.625, 0.75], "texture": "#0"},
				"up": {"uv": [11.625, 11.5, 11.5, 11.25], "texture": "#0"},
				"down": {"uv": [11.5, 11.5, 11.375, 11.75], "texture": "#0"}
			}
		},
		{
			"from": [-8, 2, 28],
			"to": [-7, 4, 30],
			"faces": {
				"north": {"uv": [9, 10.375, 9.125, 10.625], "texture": "#0"},
				"east": {"uv": [10.875, 6.375, 11.125, 6.625], "texture": "#0"},
				"south": {"uv": [11.375, 1.125, 11.5, 1.375], "texture": "#0"},
				"west": {"uv": [4.375, 11.25, 4.625, 11.5], "texture": "#0"},
				"up": {"uv": [11.5, 4.75, 11.375, 4.5], "texture": "#0"},
				"down": {"uv": [11.5, 5.625, 11.375, 5.875], "texture": "#0"}
			}
		},
		{
			"from": [-7, 2, 28],
			"to": [-6, 4, 30],
			"faces": {
				"north": {"uv": [11.5, 7.75, 11.625, 8], "texture": "#0"},
				"east": {"uv": [11.25, 8.5, 11.5, 8.75], "texture": "#0"},
				"south": {"uv": [11.5, 8, 11.625, 8.25], "texture": "#0"},
				"west": {"uv": [11.25, 8.75, 11.5, 9], "texture": "#0"},
				"up": {"uv": [11.625, 8.5, 11.5, 8.25], "texture": "#0"},
				"down": {"uv": [11.625, 8.5, 11.5, 8.75], "texture": "#0"}
			}
		},
		{
			"from": [-7, 4, 28],
			"to": [-6, 6, 30],
			"faces": {
				"north": {"uv": [11.375, 5.875, 11.5, 6.125], "texture": "#0"},
				"east": {"uv": [4.625, 11.25, 4.875, 11.5], "texture": "#0"},
				"south": {"uv": [11.375, 6.125, 11.5, 6.375], "texture": "#0"},
				"west": {"uv": [11.25, 4.75, 11.5, 5], "texture": "#0"},
				"up": {"uv": [11.5, 8.25, 11.375, 8], "texture": "#0"},
				"down": {"uv": [11.5, 8.25, 11.375, 8.5], "texture": "#0"}
			}
		},
		{
			"from": [-6, 2, 28],
			"to": [-5, 6, 30],
			"faces": {
				"north": {"uv": [7.625, 11.25, 7.75, 11.75], "texture": "#0"},
				"east": {"uv": [11.25, 0, 11.5, 0.5], "texture": "#0"},
				"south": {"uv": [11.25, 8, 11.375, 8.5], "texture": "#0"},
				"west": {"uv": [0.125, 11.25, 0.375, 11.75], "texture": "#0"},
				"up": {"uv": [7.625, 11.75, 7.5, 11.5], "texture": "#0"},
				"down": {"uv": [11.625, 7.5, 11.5, 7.75], "texture": "#0"}
			}
		},
		{
			"from": [-6, 6, 28],
			"to": [-5, 16, 30],
			"faces": {
				"north": {"uv": [11.125, 7.25, 11.25, 8.5], "texture": "#0"},
				"east": {"uv": [10.875, 3.875, 11.125, 5.125], "texture": "#0"},
				"south": {"uv": [11.125, 8.5, 11.25, 9.75], "texture": "#0"},
				"west": {"uv": [10.875, 5.125, 11.125, 6.375], "texture": "#0"},
				"up": {"uv": [11.5, 10.5, 11.375, 10.25], "texture": "#0"},
				"down": {"uv": [11.5, 10.5, 11.375, 10.75], "texture": "#0"}
			}
		},
		{
			"from": [-5, 2, 28],
			"to": [-4, 16, 30],
			"faces": {
				"north": {"uv": [8.25, 3.875, 8.375, 5.625], "texture": "#0"},
				"east": {"uv": [9.625, 10.5, 9.875, 12.25], "texture": "#0"},
				"south": {"uv": [10.875, 11, 11, 12.75], "texture": "#0"},
				"west": {"uv": [9.875, 10.5, 10.125, 12.25], "texture": "#0"},
				"up": {"uv": [11.625, 7.5, 11.5, 7.25], "texture": "#0"},
				"down": {"uv": [7.5, 11.5, 7.375, 11.75], "texture": "#0"}
			}
		},
		{
			"from": [-5, 16, 28],
			"to": [-4, 23, 30],
			"faces": {
				"north": {"uv": [0.375, 11.25, 0.5, 12.125], "texture": "#0"},
				"east": {"uv": [10.875, 9.25, 11.125, 10.125], "texture": "#0"},
				"south": {"uv": [0.5, 11.25, 0.625, 12.125], "texture": "#0"},
				"west": {"uv": [10.875, 10.125, 11.125, 11], "texture": "#0"},
				"up": {"uv": [11.5, 11, 11.375, 10.75], "texture": "#0"},
				"down": {"uv": [11.5, 11, 11.375, 11.25], "texture": "#0"}
			}
		},
		{
			"from": [-4, 2, 28],
			"to": [-3, 23, 30],
			"faces": {
				"north": {"uv": [10.75, 0, 10.875, 2.625], "texture": "#0"},
				"east": {"uv": [10.5, 0, 10.75, 2.625], "texture": "#0"},
				"south": {"uv": [10.875, 0, 11, 2.625], "texture": "#0"},
				"west": {"uv": [10.5, 3.875, 10.75, 6.5], "texture": "#0"},
				"up": {"uv": [7.25, 11.75, 7.125, 11.5], "texture": "#0"},
				"down": {"uv": [7.375, 11.5, 7.25, 11.75], "texture": "#0"}
			}
		},
		{
			"from": [-4, 23, 28],
			"to": [-3, 25, 30],
			"faces": {
				"north": {"uv": [11.375, 11.25, 11.5, 11.5], "texture": "#0"},
				"east": {"uv": [4.875, 11.25, 5.125, 11.5], "texture": "#0"},
				"south": {"uv": [11.5, 0, 11.625, 0.25], "texture": "#0"},
				"west": {"uv": [11.25, 5, 11.5, 5.25], "texture": "#0"},
				"up": {"uv": [11.625, 0.5, 11.5, 0.25], "texture": "#0"},
				"down": {"uv": [1.125, 11.5, 1, 11.75], "texture": "#0"}
			}
		},
		{
			"from": [-3, 2, 28],
			"to": [-2, 25, 30],
			"faces": {
				"north": {"uv": [9.375, 10.625, 9.5, 13.5], "texture": "#0"},
				"east": {"uv": [8.25, 10.375, 8.5, 13.25], "texture": "#0"},
				"south": {"uv": [9.5, 10.625, 9.625, 13.5], "texture": "#0"},
				"west": {"uv": [8.5, 10.375, 8.75, 13.25], "texture": "#0"},
				"up": {"uv": [7, 11.75, 6.875, 11.5], "texture": "#0"},
				"down": {"uv": [7.125, 11.5, 7, 11.75], "texture": "#0"}
			}
		},
		{
			"from": [-3, 25, 28],
			"to": [-2, 26, 30],
			"faces": {
				"north": {"uv": [11.5, 5.375, 11.625, 5.5], "texture": "#0"},
				"east": {"uv": [10.5, 6.5, 10.75, 6.625], "texture": "#0"},
				"south": {"uv": [11.5, 6.75, 11.625, 6.875], "texture": "#0"},
				"west": {"uv": [11.375, 6.375, 11.625, 6.5], "texture": "#0"},
				"up": {"uv": [1.25, 11.75, 1.125, 11.5], "texture": "#0"},
				"down": {"uv": [11.625, 1.125, 11.5, 1.375], "texture": "#0"}
			}
		},
		{
			"from": [-2, 2, 28],
			"to": [-1, 26, 30],
			"faces": {
				"north": {"uv": [10.625, 9, 10.75, 12], "texture": "#0"},
				"east": {"uv": [10, 3.875, 10.25, 6.875], "texture": "#0"},
				"south": {"uv": [9.25, 10.625, 9.375, 13.625], "texture": "#0"},
				"west": {"uv": [10.125, 7.25, 10.375, 10.25], "texture": "#0"},
				"up": {"uv": [6.75, 11.75, 6.625, 11.5], "texture": "#0"},
				"down": {"uv": [6.875, 11.5, 6.75, 11.75], "texture": "#0"}
			}
		},
		{
			"from": [-2, 26, 28],
			"to": [-1, 27, 30],
			"faces": {
				"north": {"uv": [11.5, 11.5, 11.625, 11.625], "texture": "#0"},
				"east": {"uv": [1.25, 11.5, 1.5, 11.625], "texture": "#0"},
				"south": {"uv": [11.625, 0, 11.75, 0.125], "texture": "#0"},
				"west": {"uv": [1.5, 11.5, 1.75, 11.625], "texture": "#0"},
				"up": {"uv": [1.875, 11.75, 1.75, 11.5], "texture": "#0"},
				"down": {"uv": [2, 11.5, 1.875, 11.75], "texture": "#0"}
			}
		},
		{
			"from": [-1, 2, 28],
			"to": [1, 27, 30],
			"faces": {
				"north": {"uv": [9.25, 0, 9.5, 3.125], "texture": "#0"},
				"east": {"uv": [9.5, 0, 9.75, 3.125], "texture": "#0"},
				"south": {"uv": [9.5, 3.875, 9.75, 7], "texture": "#0"},
				"west": {"uv": [9.75, 0, 10, 3.125], "texture": "#0"},
				"up": {"uv": [11.5, 7.75, 11.25, 7.5], "texture": "#0"},
				"down": {"uv": [11.5, 7.75, 11.25, 8], "texture": "#0"}
			}
		},
		{
			"from": [-1, 27, 28],
			"to": [1, 28, 30],
			"faces": {
				"north": {"uv": [11.5, 2.125, 11.75, 2.25], "texture": "#0"},
				"east": {"uv": [11.5, 2.25, 11.75, 2.375], "texture": "#0"},
				"south": {"uv": [2.375, 11.5, 2.625, 11.625], "texture": "#0"},
				"west": {"uv": [11.5, 2.375, 11.75, 2.5], "texture": "#0"},
				"up": {"uv": [5.375, 11.5, 5.125, 11.25], "texture": "#0"},
				"down": {"uv": [11.5, 5.25, 11.25, 5.5], "texture": "#0"}
			}
		},
		{
			"from": [1, 2, 28],
			"to": [4, 28, 30],
			"faces": {
				"north": {"uv": [8.375, 3.875, 8.75, 7.125], "texture": "#0"},
				"east": {"uv": [7.75, 9.375, 8, 12.625], "texture": "#0"},
				"south": {"uv": [8.375, 7.125, 8.75, 10.375], "texture": "#0"},
				"west": {"uv": [8, 9.375, 8.25, 12.625], "texture": "#0"},
				"up": {"uv": [2.75, 11.5, 2.375, 11.25], "texture": "#0"},
				"down": {"uv": [3.125, 11.25, 2.75, 11.5], "texture": "#0"}
			}
		},
		{
			"from": [1, 28, 28],
			"to": [4, 29, 30],
			"faces": {
				"north": {"uv": [11.125, 6.75, 11.5, 6.875], "texture": "#0"},
				"east": {"uv": [2.625, 11.5, 2.875, 11.625], "texture": "#0"},
				"south": {"uv": [11.25, 2.5, 11.625, 2.625], "texture": "#0"},
				"west": {"uv": [2.875, 11.5, 3.125, 11.625], "texture": "#0"},
				"up": {"uv": [1.375, 11.5, 1, 11.25], "texture": "#0"},
				"down": {"uv": [1.75, 11.25, 1.375, 11.5], "texture": "#0"}
			}
		},
		{
			"from": [4, 2, 28],
			"to": [9, 29, 30],
			"faces": {
				"north": {"uv": [7.75, 6, 8.375, 9.375], "texture": "#0"},
				"east": {"uv": [9.125, 7.25, 9.375, 10.625], "texture": "#0"},
				"south": {"uv": [8.25, 0, 8.875, 3.375], "texture": "#0"},
				"west": {"uv": [9.375, 7.25, 9.625, 10.625], "texture": "#0"},
				"up": {"uv": [11.75, 10, 11.125, 9.75], "texture": "#0"},
				"down": {"uv": [11.75, 10, 11.125, 10.25], "texture": "#0"}
			}
		},
		{
			"from": [4, 29, 28],
			"to": [9, 30, 30],
			"faces": {
				"north": {"uv": [10.5, 2.875, 11.125, 3], "texture": "#0"},
				"east": {"uv": [3.625, 11.5, 3.875, 11.625], "texture": "#0"},
				"south": {"uv": [11.125, 2.875, 11.75, 3], "texture": "#0"},
				"west": {"uv": [3.875, 11.5, 4.125, 11.625], "texture": "#0"},
				"up": {"uv": [11.125, 6.875, 10.5, 6.625], "texture": "#0"},
				"down": {"uv": [11.75, 6.5, 11.125, 6.75], "texture": "#0"}
			}
		},
		{
			"from": [9, 28, 28],
			"to": [12, 29, 30],
			"faces": {
				"north": {"uv": [11.25, 5.5, 11.625, 5.625], "texture": "#0"},
				"east": {"uv": [3.125, 11.5, 3.375, 11.625], "texture": "#0"},
				"south": {"uv": [11.375, 0.75, 11.75, 0.875], "texture": "#0"},
				"west": {"uv": [3.375, 11.5, 3.625, 11.625], "texture": "#0"},
				"up": {"uv": [11.625, 1.625, 11.25, 1.375], "texture": "#0"},
				"down": {"uv": [11.625, 1.625, 11.25, 1.875], "texture": "#0"}
			}
		},
		{
			"from": [9, 2, 28],
			"to": [12, 28, 30],
			"faces": {
				"north": {"uv": [8.75, 3.875, 9.125, 7.125], "texture": "#0"},
				"east": {"uv": [9.625, 7.25, 9.875, 10.5], "texture": "#0"},
				"south": {"uv": [8.75, 7.125, 9.125, 10.375], "texture": "#0"},
				"west": {"uv": [9.875, 7.25, 10.125, 10.5], "texture": "#0"},
				"up": {"uv": [3.5, 11.5, 3.125, 11.25], "texture": "#0"},
				"down": {"uv": [3.875, 11.25, 3.5, 11.5], "texture": "#0"}
			}
		},
		{
			"from": [12, 27, 28],
			"to": [15, 28, 30],
			"faces": {
				"north": {"uv": [11.375, 0.875, 11.75, 1], "texture": "#0"},
				"east": {"uv": [11.5, 4.125, 11.75, 4.25], "texture": "#0"},
				"south": {"uv": [11.375, 1, 11.75, 1.125], "texture": "#0"},
				"west": {"uv": [11.5, 4.25, 11.75, 4.375], "texture": "#0"},
				"up": {"uv": [2.125, 11.5, 1.75, 11.25], "texture": "#0"},
				"down": {"uv": [11.625, 1.875, 11.25, 2.125], "texture": "#0"}
			}
		},
		{
			"from": [12, 2, 28],
			"to": [15, 27, 30],
			"faces": {
				"north": {"uv": [8.875, 0, 9.25, 3.125], "texture": "#0"},
				"east": {"uv": [9.75, 3.875, 10, 7], "texture": "#0"},
				"south": {"uv": [9.125, 3.875, 9.5, 7], "texture": "#0"},
				"west": {"uv": [10, 0, 10.25, 3.125], "texture": "#0"},
				"up": {"uv": [4.25, 11.5, 3.875, 11.25], "texture": "#0"},
				"down": {"uv": [11.625, 3.875, 11.25, 4.125], "texture": "#0"}
			}
		},
		{
			"from": [15, 26, 28],
			"to": [17, 27, 30],
			"faces": {
				"north": {"uv": [4.375, 11.5, 4.625, 11.625], "texture": "#0"},
				"east": {"uv": [11.5, 4.375, 11.75, 4.5], "texture": "#0"},
				"south": {"uv": [11.5, 4.5, 11.75, 4.625], "texture": "#0"},
				"west": {"uv": [4.625, 11.5, 4.875, 11.625], "texture": "#0"},
				"up": {"uv": [5.625, 11.5, 5.375, 11.25], "texture": "#0"},
				"down": {"uv": [5.875, 11.25, 5.625, 11.5], "texture": "#0"}
			}
		},
		{
			"from": [15, 2, 28],
			"to": [17, 26, 30],
			"faces": {
				"north": {"uv": [10.25, 0, 10.5, 3], "texture": "#0"},
				"east": {"uv": [10.25, 3.875, 10.5, 6.875], "texture": "#0"},
				"south": {"uv": [10.125, 10.25, 10.375, 13.25], "texture": "#0"},
				"west": {"uv": [10.375, 7.25, 10.625, 10.25], "texture": "#0"},
				"up": {"uv": [11.5, 9.25, 11.25, 9], "texture": "#0"},
				"down": {"uv": [11.5, 9.25, 11.25, 9.5], "texture": "#0"}
			}
		},
		{
			"from": [17, 24, 28],
			"to": [18, 26, 30],
			"faces": {
				"north": {"uv": [2, 11.5, 2.125, 11.75], "texture": "#0"},
				"east": {"uv": [5.875, 11.25, 6.125, 11.5], "texture": "#0"},
				"south": {"uv": [4.125, 11.5, 4.25, 11.75], "texture": "#0"},
				"west": {"uv": [6.125, 11.25, 6.375, 11.5], "texture": "#0"},
				"up": {"uv": [11.625, 4.875, 11.5, 4.625], "texture": "#0"},
				"down": {"uv": [5, 11.5, 4.875, 11.75], "texture": "#0"}
			}
		},
		{
			"from": [17, 2, 28],
			"to": [18, 24, 30],
			"faces": {
				"north": {"uv": [10.75, 3.875, 10.875, 6.625], "texture": "#0"},
				"east": {"uv": [8.75, 10.375, 9, 13.125], "texture": "#0"},
				"south": {"uv": [10.75, 9, 10.875, 11.75], "texture": "#0"},
				"west": {"uv": [10.375, 10.25, 10.625, 13], "texture": "#0"},
				"up": {"uv": [11.625, 9, 11.5, 8.75], "texture": "#0"},
				"down": {"uv": [11.625, 9, 11.5, 9.25], "texture": "#0"}
			}
		},
		{
			"from": [18, 16, 28],
			"to": [19, 24, 30],
			"faces": {
				"north": {"uv": [8.25, 9.375, 8.375, 10.375], "texture": "#0"},
				"east": {"uv": [10.875, 7.25, 11.125, 8.25], "texture": "#0"},
				"south": {"uv": [0, 11.25, 0.125, 12.25], "texture": "#0"},
				"west": {"uv": [10.875, 8.25, 11.125, 9.25], "texture": "#0"},
				"up": {"uv": [11.625, 5.125, 11.5, 4.875], "texture": "#0"},
				"down": {"uv": [5.125, 11.5, 5, 11.75], "texture": "#0"}
			}
		},
		{
			"from": [18, 2, 28],
			"to": [19, 16, 30],
			"faces": {
				"north": {"uv": [11, 11, 11.125, 12.75], "texture": "#0"},
				"east": {"uv": [10.625, 7.25, 10.875, 9], "texture": "#0"},
				"south": {"uv": [11.125, 3.875, 11.25, 5.625], "texture": "#0"},
				"west": {"uv": [9, 10.625, 9.25, 12.375], "texture": "#0"},
				"up": {"uv": [11.625, 9.5, 11.5, 9.25], "texture": "#0"},
				"down": {"uv": [11.625, 9.5, 11.5, 9.75], "texture": "#0"}
			}
		},
		{
			"from": [19, 9, 28],
			"to": [20, 16, 30],
			"faces": {
				"north": {"uv": [11.25, 0.5, 11.375, 1.375], "texture": "#0"},
				"east": {"uv": [11, 0, 11.25, 0.875], "texture": "#0"},
				"south": {"uv": [0.625, 11.25, 0.75, 12.125], "texture": "#0"},
				"west": {"uv": [11, 0.875, 11.25, 1.75], "texture": "#0"},
				"up": {"uv": [5.25, 11.75, 5.125, 11.5], "texture": "#0"},
				"down": {"uv": [11.625, 5.125, 11.5, 5.375], "texture": "#0"}
			}
		},
		{
			"from": [20, 10, 28],
			"to": [21, 12, 30],
			"faces": {
				"north": {"uv": [11.5, 6.125, 11.625, 6.375], "texture": "#0"},
				"east": {"uv": [11.25, 7.25, 11.5, 7.5], "texture": "#0"},
				"south": {"uv": [6.25, 11.5, 6.375, 11.75], "texture": "#0"},
				"west": {"uv": [7.375, 11.25, 7.625, 11.5], "texture": "#0"},
				"up": {"uv": [6.5, 11.75, 6.375, 11.5], "texture": "#0"},
				"down": {"uv": [6.625, 11.5, 6.5, 11.75], "texture": "#0"}
			}
		},
		{
			"from": [19, 2, 28],
			"to": [20, 9, 30],
			"faces": {
				"north": {"uv": [0.75, 11.25, 0.875, 12.125], "texture": "#0"},
				"east": {"uv": [11, 1.75, 11.25, 2.625], "texture": "#0"},
				"south": {"uv": [0.875, 11.25, 1, 12.125], "texture": "#0"},
				"west": {"uv": [11.125, 5.625, 11.375, 6.5], "texture": "#0"},
				"up": {"uv": [11.625, 10.5, 11.5, 10.25], "texture": "#0"},
				"down": {"uv": [11.625, 10.5, 11.5, 10.75], "texture": "#0"}
			}
		},
		{
			"from": [20, 7, 28],
			"to": [21, 9, 30],
			"faces": {
				"north": {"uv": [5.25, 11.5, 5.375, 11.75], "texture": "#0"},
				"east": {"uv": [6.375, 11.25, 6.625, 11.5], "texture": "#0"},
				"south": {"uv": [5.375, 11.5, 5.5, 11.75], "texture": "#0"},
				"west": {"uv": [6.625, 11.25, 6.875, 11.5], "texture": "#0"},
				"up": {"uv": [5.625, 11.75, 5.5, 11.5], "texture": "#0"},
				"down": {"uv": [5.75, 11.5, 5.625, 11.75], "texture": "#0"}
			}
		},
		{
			"from": [20, 2, 28],
			"to": [21, 7, 30],
			"faces": {
				"north": {"uv": [11.25, 4.125, 11.375, 4.75], "texture": "#0"},
				"east": {"uv": [11.125, 10.25, 11.375, 10.875], "texture": "#0"},
				"south": {"uv": [4.25, 11.25, 4.375, 11.875], "texture": "#0"},
				"west": {"uv": [11.125, 10.875, 11.375, 11.5], "texture": "#0"},
				"up": {"uv": [11.625, 11, 11.5, 10.75], "texture": "#0"},
				"down": {"uv": [11.625, 11, 11.5, 11.25], "texture": "#0"}
			}
		},
		{
			"from": [21, 4, 28],
			"to": [22, 7, 30],
			"faces": {
				"north": {"uv": [8.25, 5.625, 8.375, 6], "texture": "#0"},
				"east": {"uv": [2.125, 11.25, 2.375, 11.625], "texture": "#0"},
				"south": {"uv": [11.375, 4.125, 11.5, 4.5], "texture": "#0"},
				"west": {"uv": [11.25, 2.125, 11.5, 2.5], "texture": "#0"},
				"up": {"uv": [11.625, 5.875, 11.5, 5.625], "texture": "#0"},
				"down": {"uv": [5.875, 11.5, 5.75, 11.75], "texture": "#0"}
			}
		},
		{
			"from": [21, 2, 28],
			"to": [22, 4, 30],
			"faces": {
				"north": {"uv": [11.125, 11.5, 11.25, 11.75], "texture": "#0"},
				"east": {"uv": [11.25, 9.5, 11.5, 9.75], "texture": "#0"},
				"south": {"uv": [11.25, 11.5, 11.375, 11.75], "texture": "#0"},
				"west": {"uv": [11.375, 0.5, 11.625, 0.75], "texture": "#0"},
				"up": {"uv": [11.625, 11.5, 11.5, 11.25], "texture": "#0"},
				"down": {"uv": [11.5, 11.5, 11.375, 11.75], "texture": "#0"}
			}
		},
		{
			"from": [22, 2, 28],
			"to": [23, 4, 30],
			"faces": {
				"north": {"uv": [5.875, 11.5, 6, 11.75], "texture": "#0"},
				"east": {"uv": [6.875, 11.25, 7.125, 11.5], "texture": "#0"},
				"south": {"uv": [11.5, 5.875, 11.625, 6.125], "texture": "#0"},
				"west": {"uv": [7.125, 11.25, 7.375, 11.5], "texture": "#0"},
				"up": {"uv": [6.125, 11.75, 6, 11.5], "texture": "#0"},
				"down": {"uv": [6.25, 11.5, 6.125, 11.75], "texture": "#0"}
			}
		},
		{
			"from": [-9, 0, -16],
			"to": [24, 2, 32],
			"faces": {
				"north": {"uv": [8.875, 3.125, 13, 3.375], "texture": "#0"},
				"east": {"uv": [8.25, 3.375, 14.25, 3.625], "texture": "#0"},
				"south": {"uv": [9.125, 7, 13.25, 7.25], "texture": "#0"},
				"west": {"uv": [8.25, 3.625, 14.25, 3.875], "texture": "#0"},
				"up": {"uv": [4.125, 6, 0, 0], "texture": "#0"},
				"down": {"uv": [8.25, 0, 4.125, 6], "texture": "#0"}
			}
		},
		{
			"from": [-8, 2, -15],
			"to": [23, 3, 25],
			"faces": {
				"north": {"uv": [10.5, 2.625, 14.375, 2.75], "texture": "#0"},
				"east": {"uv": [10, 6.875, 15.25, 7], "texture": "#0"},
				"south": {"uv": [10.5, 2.75, 14.375, 2.875], "texture": "#0"},
				"west": {"uv": [10.25, 3, 15.5, 3.125], "texture": "#0"},
				"up": {"uv": [3.875, 11.25, 0, 6], "texture": "#0"},
				"down": {"uv": [7.75, 6, 3.875, 11.25], "texture": "#0"}
			}
		}
	],
	"groups": [
		{
			"name": "group",
			"origin": [0, 0, 0],
			"color": 0,
			"children": [0, 1, 2, 3, 4, 5, 6, 7, 8, 9, 10, 11, 12, 13, 14, 15, 16]
		},
		{
			"name": "group",
			"origin": [0, 0, 0],
			"color": 0,
			"children": [17, 18, 19, 20, 21, 22, 23, 24, 25, 26, 27, 28, 29, 30, 31, 32, 33, 34, 35, 36, 37, 38, 39, 40, 41, 42, 43, 44, 45, 46, 47, 48, 49, 50, 51, 52, 53]
		},
		54,
		55
	]
}