{
    "providers": [
        {
            "type": "bitmap",
            "file": "minecraft:custom/tnt.png",
            "ascent": 9,
            "height": 9,
            "chars": ["\uE000"]
        },
        {
            "type": "bitmap",
            "file": "minecraft:custom/bow.png",
            "ascent": 9,
            "height": 9,
            "chars": ["\uE001"]
        },
        {
            "type": "bitmap",
            "file": "minecraft:custom/trident.png",
            "ascent": 9,
            "height": 9,
            "chars": ["\uE002"]
        },
        {
            "type": "bitmap",
            "file": "minecraft:item/apple.png",
            "ascent": 9,
            "height": 9,
            "chars": ["\uE003"]
        }
    ]
}