{
    "providers": [
        {
            "type": "bitmap",
            "file": "minecraft:icons/tnt.png",
            "ascent": 9,
            "height": 9,
            "chars": ["\uE000"]
        },
        {
            "type": "bitmap",
            "file": "minecraft:icons/bow.png",
            "ascent": 9,
            "height": 9,
            "chars": ["\uE001"]
        },
        {
            "type": "bitmap",
            "file": "minecraft:icons/trident.png",
            "ascent": 9,
            "height": 9,
            "chars": ["\uE002"]
        },
        {
            "type": "bitmap",
            "file": "minecraft:item/apple.png",
            "ascent": 9,
            "height": 9,
            "chars": ["\uE003"]
        },
        {
            "type": "bitmap",
            "file": "minecraft:particle/heart.png",
            "ascent": 9,
            "height": 9,
            "chars": ["\uE004"]
        },
        {
            "type": "bitmap",
            "file": "minecraft:icons/headstone_one.png",
            "ascent": 9,
            "height": 9,
            "chars": ["\uE006"]
        },
        {
            "type": "bitmap",
            "file": "minecraft:icons/headstone_two.png",
            "ascent": 9,
            "height": 9,
            "chars": ["\uE007"]
        },
        {
            "type": "bitmap",
            "file": "minecraft:font/blank.png",
            "ascent": 9,
            "height": 9,
            "chars": ["\uE100"]
        },
        {
            "type": "bitmap",
            "file": "minecraft:font/blank.png",
            "ascent": 9,
            "height": 9,
            "chars": ["\uE101"]
        },
        {
            "type": "bitmap",
            "file": "minecraft:font/blank.png",
            "ascent": 9,
            "height": 9,
            "chars": ["\uE102"]
        },
        {
            "type": "bitmap",
            "file": "minecraft:font/blank.png",
            "ascent": 9,
            "height": 9,
            "chars": ["\uE103"]
        },
        {
            "type": "bitmap",
            "file": "minecraft:font/blank.png",
            "ascent": 9,
            "height": 9,
            "chars": ["\uE104"]
        },
        {
            "type": "bitmap",
            "file": "minecraft:font/blank.png",
            "ascent": 9,
            "height": 9,
            "chars": ["\uE105"]
        },
        {
            "type": "bitmap",
            "file": "minecraft:font/blank.png",
            "ascent": 9,
            "height": 9,
            "chars": ["\uE106"]
        },
        {
            "type": "bitmap",
            "file": "minecraft:font/blank.png",
            "ascent": 9,
            "height": 9,
            "chars": ["\uE107"]
        },
        {
            "type": "bitmap",
            "file": "minecraft:font/blank.png",
            "ascent": 9,
            "height": 9,
            "chars": ["\uE108"]
        },
        {
            "type": "bitmap",
            "file": "minecraft:font/blank.png",
            "ascent": 9,
            "height": 9,
            "chars": ["\uE109"]
        },
        {
            "type": "bitmap",
            "file": "minecraft:font/blank.png",
            "ascent": 9,
            "height": 9,
            "chars": ["\uE110"]
        }
    ]
}
